"","AAA","AAC","AAG","AAT","ACA","ACC","ACG","ACT","AGA","AGC","AGG","AGT","ATA","ATC","ATG","ATT","CAA","CAC","CAG","CAT","CCA","CCC","CCG","CCT","CGA","CGC","CGG","CGT","CTA","CTC","CTG","CTT","GAA","GAC","GAG","GAT","GCA","GCC","GCG","GCT","GGA","GGC","GGG","GGT","GTA","GTC","GTG","GTT","TAA","TAC","TAG","TAT","TCA","TCC","TCG","TCT","TGA","TGC","TGG","TGT","TTA","TTC","TTG","TTT"
"1",8465,4484,5114,6502,4122,3350,2269,3883,4664,2705,2912,3801,5468,4192,4507,6455,5333,3010,3270,4510,4103,1690,1649,2491,2299,1420,1546,2279,3023,2588,3295,4878,5789,2561,2750,4082,3058,1880,1304,2788,3157,1987,1688,3342,3753,2584,3042,4387,4978,3569,2948,5527,4840,3013,2322,4622,5062,2918,4028,4344,4778,5433,5508,8544
"2",30057,14238,16795,22758,13258,9384,6688,11656,15769,9302,8981,11999,18691,14184,14001,23134,18260,8373,10191,14721,12060,5482,4688,9056,7098,4508,4686,6861,9811,8985,9784,17915,18507,7682,8819,13664,9970,6391,4481,9066,10147,6413,5509,9113,11256,7768,8342,14426,17024,10693,10246,18867,16257,10028,7296,16717,15658,9685,12007,13819,17072,19361,19042,31283
"3",12597,6046,6763,9457,5753,4125,2937,4980,6210,3534,3636,4961,8144,5845,5750,9266,7686,3856,4001,6090,5134,2353,1820,3872,3021,1872,1892,2822,4175,3807,3975,7138,7418,3216,3486,5389,4025,2562,1841,3586,4092,2566,2225,3511,4687,3246,3516,5433,7162,4677,4091,8069,6720,4139,3009,6657,6186,4042,4641,5588,6993,7627,7217,11955
"4",57415,26670,33030,43319,25304,16933,12763,22235,31079,17074,17223,22489,35953,26205,26968,43514,34159,15557,18356,26982,21965,10102,8523,16871,13622,8174,8582,12779,19091,16373,18360,32111,36394,14343,17031,26273,18055,11576,8260,16944,19040,11414,9950,17096,20607,14275,15647,27015,32466,20664,19448,36066,29730,18850,13611,29885,30300,18173,21745,25180,32993,35223,34424,57795
"5",15921,7818,9232,12231,7458,5105,3810,6479,8753,5198,5066,6586,10192,7587,7749,12131,9882,4706,5716,7752,6622,3114,2531,5157,4079,2472,2558,3768,5383,4902,5731,9396,10208,4334,5123,7517,5623,3533,2562,4970,5664,3510,3143,5154,6295,4187,4813,7690,9191,5993,5532,10159,8353,5672,3974,8806,8686,5508,6704,7477,9005,10129,10083,16289
"6",4363,629,988,6098,532,361,171,593,868,243,481,735,8447,665,806,5808,560,221,177,633,252,575,387,416,185,103,407,152,642,301,193,763,866,212,390,825,178,213,117,217,539,193,602,567,819,198,231,719,6289,595,772,8170,629,481,172,673,701,186,412,513,5918,790,582,3797
"7",21479,10197,12168,16197,9574,6476,4916,8477,11386,6448,6469,8341,13578,9995,10264,16328,12816,6082,6893,10149,8281,3875,3539,6355,5148,3290,3405,5097,7271,6248,7130,11926,13515,5316,6295,9856,6852,4651,3224,6489,7104,4436,3942,6837,8032,5471,6185,10239,12231,7847,7288,13963,11233,7048,5261,11254,11344,7042,8503,9652,12448,13082,12963,21616
"8",11062,5273,6602,8350,5474,3850,2772,4720,6248,3487,3564,4753,7162,5159,5379,8411,6715,4067,3845,5393,4894,2306,1814,3580,2867,1843,1857,2822,3893,3432,4033,6468,7212,3181,3594,5307,3824,2469,1847,3607,3988,2547,2172,3726,4380,3034,3631,5499,6298,4295,4012,7061,5827,3969,2956,5919,6191,3870,4840,5243,6231,7046,7101,10959
"9",41067,19133,23509,30939,18226,12577,9301,15568,21907,12219,12199,15830,25497,18743,19697,31389,24930,11210,13192,19436,16028,7450,6237,12395,9842,5962,6290,9389,13621,11849,13165,23223,25398,10346,11968,19058,13009,8602,6030,12205,13674,8385,7209,12426,14839,10186,11180,19413,23253,14983,13486,25893,21504,13481,9915,21690,21347,13280,15996,17973,23658,25812,24555,41030
"10",19951,9614,11391,14938,9143,6492,4857,8007,10593,5987,5970,7900,12384,9481,9315,14927,12278,5922,6629,9759,8308,3726,3135,6158,4933,3054,3121,4636,6959,5940,6749,11210,12561,5322,5894,8963,6553,4254,2975,6055,6732,4246,3674,5958,7271,5051,5600,9344,11104,7640,6536,12447,10584,6855,4777,10638,10482,6550,7846,8772,11113,12382,11986,19415
"11",27411,12909,15831,20914,12057,8423,6412,10963,14906,8492,8439,11133,17474,12799,13517,20886,16507,7792,9191,13358,10870,5046,4265,8262,6590,4072,4297,6520,9231,8146,9219,15645,17390,7091,8294,13043,9254,5697,4056,8286,9449,5843,5038,8656,10537,7220,8019,13217,15757,10062,9654,17361,14667,9276,6746,14730,14873,8886,11212,12684,15593,17254,16901,27292
"12",26173,12303,14747,20036,11443,7886,5912,10382,13763,7879,7664,10331,16433,12113,12571,19655,15893,7213,8517,12455,10441,4766,3969,8011,6423,3786,3891,5865,8911,7769,8604,14883,16148,6647,7684,11960,8375,5524,3808,7835,8551,5307,4657,7807,9414,6684,7389,12378,15045,9460,8689,16321,13819,9011,6276,13939,13702,8570,10110,11862,14757,16478,15681,26314
"13",42501,19721,23846,32118,18479,13415,9759,17011,22378,12710,12857,16349,26085,20018,19651,32199,25658,12280,13831,20420,17180,8621,7176,13418,10504,6722,6626,10094,14401,13371,14087,24485,25993,10969,12507,19111,13762,9094,6372,12924,14012,8979,7622,12764,15406,10997,11548,20382,24034,15694,14110,26304,22768,15265,10639,22990,21687,13741,16272,19126,24250,27276,25541,42254
"14",36035,17330,20564,27780,16157,11163,8222,13975,19191,10948,10807,14244,23069,16596,17436,27119,22198,9907,11991,17128,14339,6704,5487,10880,8755,5123,5540,8159,11893,10433,11568,20438,22643,9147,10597,16670,11718,7534,5193,10561,11970,7497,6502,10932,13346,9113,9886,16876,20833,13133,12038,22642,19010,12008,8675,18916,19141,11438,14052,15886,20338,22467,21628,36271
"15",29145,13934,16827,21636,13247,9094,6898,11452,15725,8736,8906,11418,18162,13182,14231,21707,17899,8285,9640,13871,11741,5558,4639,8719,7218,4308,4551,6593,9708,8592,9689,16296,18505,7533,8694,13634,9408,6189,4318,8829,9943,6238,5451,9006,10651,7404,8239,13602,15993,10939,9624,18141,15299,9816,6815,15285,15480,9462,11730,12879,16176,18037,17392,28520
"16",41711,19186,23260,30687,18207,12399,9270,15813,21552,12029,12386,15932,25470,18541,19240,30604,24520,11331,13429,19327,15774,7361,6301,12089,9823,6032,6177,9042,13581,11933,13160,22900,25318,10266,11750,18427,13211,8376,5855,12210,13399,8494,7344,12246,14785,10260,10984,19002,23295,14905,13460,25414,21415,13389,9648,21462,20987,13097,15576,17811,23239,25180,24087,40713
"17",35738,16688,20240,26729,15802,10628,7954,13863,19039,10429,10718,13662,22345,16086,16535,26818,21425,9828,11452,16547,13769,6531,5444,10635,8340,5198,5186,7968,11847,10376,11430,20177,22124,8830,10483,16177,11356,7268,5036,10616,11893,7229,6234,10520,12710,8861,9589,16493,20108,12901,11673,22331,18324,11952,8258,18716,18342,11420,13739,15503,20111,21927,21450,35620
